t_ms,power_w,temp_c,clock_mhz,label
0,22.44,47,1455,cool
110,21.97,47,1455,cool
229,21.98,47,1455,cool
335,22.04,47,1455,cool
462,22.04,47,1455,cool
551,22.07,47,1455,cool
663,22.01,47,1455,cool
774,22.01,47,1455,cool
884,21.94,47,1455,cool
993,21.97,47,1455,cool
1107,21.89,47,1455,cool
1213,21.93,47,1455,cool
1324,21.99,47,1455,cool
1435,22.04,47,1455,cool
1545,22.02,47,1455,cool
1654,21.97,47,1455,cool
1764,22.01,47,1455,cool
1875,21.96,47,1455,cool
1985,22.06,47,1455,cool
2101,22.03,47,1455,cool
2206,22.07,47,1455,cool
2318,22.03,47,1455,cool
2429,21.94,47,1455,cool
2536,22.01,47,1455,cool
2651,22.04,47,1455,cool
2756,22.07,47,1455,cool
2899,22.1,47,1455,cool
2977,22.17,47,1455,cool
3089,22.13,47,1455,cool
3200,22.1,47,1455,cool
3308,22.05,47,1455,cool
3402,22.01,47,1455,cool
3513,22.11,47,1455,cool
3624,22.05,47,1455,cool
3734,21.98,47,1455,cool
3841,22.02,47,1455,cool
3954,21.96,47,1455,cool
4061,21.96,47,1455,cool
4172,22.01,47,1455,cool
4282,22.02,47,1455,cool
4393,18.44,47,420,cool
4502,7.34,47,360,cool
4612,8.15,47,360,cool
4722,4.2,47,360,cool
4833,4.1,46,360,cool
4944,4.22,46,360,cool
5053,4.04,46,360,cool
5163,4.02,46,360,cool
5272,4.06,46,360,cool
5382,4.2,46,360,cool
5493,4.3,46,360,cool
5603,4.43,46,360,cool
5712,4.09,46,360,cool
5822,4.17,46,360,cool
5934,4.04,46,360,cool
6045,4.2,46,360,cool
6153,4.64,46,300,cool
6265,4,46,300,cool
6374,3.89,46,300,cool
6488,4.09,46,300,cool
6594,4.31,46,300,cool
6707,4.04,46,300,cool
6816,4.1,46,300,cool
6926,4.05,46,300,cool
7038,4.12,46,300,cool
7147,4.29,46,300,cool
7255,3.94,46,300,cool
7366,4.05,46,300,cool
7475,4.01,46,300,cool
7589,4.15,46,300,cool
7697,4.09,46,300,cool
7806,4.09,46,300,cool
7932,4,46,300,loop1
8047,3.95,46,300,loop1
8159,3.88,46,300,loop1
8262,8.49,46,300,loop1
8354,10.07,46,300,loop1
8488,11.41,46,1455,loop1
8574,31.32,48,1455,loop1
8682,34.64,48,1680,loop1
8806,39.42,48,1680,loop1
8917,28.73,48,1680,loop1
9012,24.1,48,1680,loop1
9164,24.14,49,1680,loop1
9229,35.68,49,1680,loop1
9353,39.71,49,1680,loop1
9446,39.09,49,1680,loop1
9553,34.97,49,1680,loop1
9663,24.25,48,1680,loop1
9782,32.32,48,1680,loop1
9896,39.53,48,1680,loop1
10039,40.21,48,1680,loop1
10095,37.95,48,1680,loop1
10206,24.31,49,1680,loop1
10315,24.26,49,1680,loop1
10447,29.22,49,1680,loop1
10531,39.5,49,1485,loop1
10646,35.42,49,1485,loop1
10749,35.25,49,1695,loop1
10842,25.88,49,1695,loop1
10952,24.38,49,1695,loop1
11096,36.68,49,1695,loop1
11185,39.35,49,1695,loop1
11355,39.42,50,1695,loop1
11388,36.05,50,1695,loop1
11478,24.33,50,1695,loop1
11588,24.52,50,1695,loop1
11712,30.63,50,1695,loop1
11807,39.15,51,1695,loop1
11932,40.12,51,1695,loop1
12023,40.21,51,1695,loop1
12131,27.55,51,1695,loop1
12241,24.54,51,1695,loop1
12352,24.5,50,1695,loop1
12495,40.84,50,1560,loop1
12567,40.84,50,1560,loop1
12662,36.89,50,1560,loop1
12771,32.69,50,1545,loop1
12897,23.18,49,1410,loop1
13002,26.02,49,1410,loop1
13114,32.85,49,1380,loop1
13241,32.47,49,1380,loop1
13312,31.68,49,1455,loop1
13423,28.43,50,1455,loop1
13529,22.42,50,1455,loop1
13622,22.41,50,1455,loop1
13766,22.38,50,1455,loop1
13842,29.01,50,1455,loop1
13934,33.71,50,1455,loop1
14052,35.22,50,1455,loop1
14152,35.02,50,1695,loop1
14258,24.32,50,1695,loop1
14367,24.59,50,1695,loop1
14493,40.75,51,1695,loop1
14584,40.75,51,1695,loop1
14693,40.76,51,1845,loop1
14800,30.33,51,1845,loop1
14909,27.28,51,1845,loop1
15021,27.45,51,1845,loop1
15144,43.79,51,1845,loop1
15250,45.71,51,1845,loop1
15349,47.03,51,1845,loop1
15470,41.68,52,1845,loop1
15563,27.57,52,1845,loop1
15673,27.47,52,1845,loop1
15806,46.65,52,1845,loop1
15891,46.65,52,1845,loop1
16016,48,53,1845,loop1
16107,27.65,53,1845,loop1
16220,27.6,53,1845,loop1
16341,33.49,53,1845,loop1
16435,47.57,53,1845,loop1
16562,47.58,53,1860,loop1
16651,47.6,53,1860,loop1
16761,30.5,53,1860,loop1
16872,27.9,53,1860,loop1
16997,28.08,53,1860,loop1
17094,45.99,53,1860,loop1
17216,48.05,53,1860,loop1
17323,39.67,53,1860,loop1
17419,27.97,53,1860,loop1
17524,27.91,53,1860,loop1
17650,34.87,53,1860,loop1
17743,48.93,53,1860,loop1
17868,48.79,53,1860,loop1
17961,49.2,53,1905,loop1
18068,29.82,53,1905,loop1
18183,29.89,52,1905,loop1
18307,33.21,52,1905,loop1
18400,48.08,52,1905,loop1
18576,52.71,52,1905,loop1
18629,38.31,54,1905,loop1
18723,29.72,54,1905,loop1
18837,29.83,54,1905,loop1
18959,42.81,54,1905,loop1
19077,48.33,54,1905,loop1
19178,48.9,55,1905,loop1
19274,50.03,55,1905,loop1
19380,39.05,55,1905,loop1
19470,30.21,55,1905,loop1
19601,30.17,55,1905,loop1
19693,35.09,54,1905,loop1
19797,46.62,54,1380,loop1
19914,33.65,54,1380,loop1
20014,34.36,54,1695,loop1
20121,24.86,54,1695,loop1
20237,24.79,52,1695,loop1
20356,35.86,52,1695,loop1
20467,40.57,52,1695,loop1
20575,41.08,52,1755,loop1
20666,38.09,52,1755,loop1
20765,25.88,53,1755,loop1
20872,25.74,53,1755,loop1
20997,30.23,53,1755,loop1
21088,41.58,53,1755,loop1
21200,42.22,53,1755,loop1
21323,31.46,53,1755,loop1
21415,31.46,53,1755,loop1
21524,25.81,53,1755,loop1
21632,37.06,53,1755,loop1
21782,44.24,54,1755,loop1
21855,42.93,54,1755,loop1
21958,38.67,54,1755,cool
22101,26.08,54,1755,cool
22181,26,54,1755,cool
22291,26.01,52,1755,cool
22398,25.85,52,1320,cool
22507,21.54,52,1320,cool
22616,21.7,52,1200,cool
22736,21.1,52,1095,cool
22837,20.58,51,1095,cool
22963,20.52,51,1005,cool
23057,19.28,51,1005,cool
23166,19.27,51,915,cool
23278,19.13,51,915,cool
23393,19.18,51,825,cool
23499,19.05,51,825,cool
23613,19.05,51,750,cool
23718,19.07,51,750,cool
23853,19.04,51,690,cool
23962,18.68,51,630,cool
24042,8.99,51,630,cool
24208,9.18,51,570,cool
24255,11,51,570,cool
24368,9.04,50,525,cool
24476,9.37,50,525,cool
24590,9.16,50,480,cool
24696,9.45,50,480,cool
24807,9.04,50,435,cool
24920,9.29,50,435,cool
25027,9.13,50,405,cool
25136,9.26,50,405,cool
25245,9.15,50,360,cool
25354,8.92,50,360,cool
25464,8.71,49,360,cool
25573,9.03,49,360,cool
25681,8.87,49,360,cool
25793,9.01,49,360,cool
25900,5.03,49,360,cool
26010,4.36,49,360,cool
26120,4.31,49,360,cool
26229,4.44,49,360,cool
26339,4.3,49,360,cool
26449,4.2,49,360,cool
26561,4.44,49,360,cool
26671,4.24,49,360,cool
26780,4.41,49,360,cool
26893,4.51,49,360,cool
27003,4.49,49,300,cool
27114,4.92,49,300,cool
27223,4.49,49,300,cool
27333,4.39,49,300,cool
27444,4.37,49,300,cool
27552,4.4,49,300,cool
27661,4.35,49,300,cool
27771,4.28,49,300,cool
27883,4.34,49,300,cool
27990,4.38,49,300,cool
28098,4.49,49,300,cool
28209,4.38,49,300,cool
28321,4.37,49,300,cool
28427,4.32,49,300,cool
28539,4.28,49,300,cool
28649,4.36,49,300,cool
28759,4.21,49,300,cool
28869,4.21,49,300,cool
28979,4.25,49,300,cool
29088,4.4,49,300,cool
29198,4.31,49,300,cool
29310,4.25,49,300,cool
29421,4.37,49,300,cool
29530,4.26,49,300,cool
29640,4.42,49,300,cool
29753,4.27,49,300,cool
29863,4.23,48,300,cool
29971,4.23,48,300,decoy1
30080,4.45,48,300,decoy1
30189,4.27,48,300,decoy1
30316,9.02,49,300,decoy1
30409,10.72,49,1455,decoy1
30518,27.9,49,1455,decoy1
30625,22.6,49,1455,decoy1
30735,22.58,49,1455,decoy1
30860,23.47,50,1455,decoy1
30966,22.67,50,1455,decoy1
31058,22.67,50,1455,decoy1
31189,25.68,50,1455,decoy1
31287,34.44,50,1455,decoy1
31381,35.87,51,1635,decoy1
31528,38.49,51,1635,decoy1
31587,29.88,51,1635,decoy1
31695,24.18,51,1635,decoy1
31807,24.19,51,1635,decoy1
31931,24.18,51,1635,decoy1
32024,34.28,51,1635,decoy1
32132,24.15,51,1635,decoy1
32242,24.15,51,1635,decoy1
32367,25.62,51,1635,decoy1
32478,24.18,51,1635,decoy1
32585,24.22,51,1635,decoy1
32681,24.14,51,1635,decoy1
32805,31.1,51,1635,decoy1
32898,27.47,51,1635,decoy1
33026,24.27,51,1635,decoy1
33117,24.24,51,1635,decoy1
33241,24.23,51,825,decoy1
33352,23.95,51,825,decoy1
33443,21.51,51,795,decoy1
33550,19.16,50,795,decoy1
33691,24.85,50,735,decoy1
33777,24.85,50,735,decoy1
33918,30.37,50,1155,decoy1
34002,29.98,51,1350,decoy1
34102,33.17,51,1350,decoy1
34265,33.81,51,1620,decoy1
34309,36.73,51,1620,decoy1
34402,27.75,51,1620,decoy1
34513,24.16,51,1620,decoy1
34623,24.16,51,1620,decoy1
34744,29.92,51,1620,decoy1
34840,28.43,51,1620,decoy1
34951,24.18,51,1620,decoy1
35061,24.17,51,1620,decoy1
35186,34.47,51,1620,decoy1
35294,24.24,51,1620,decoy1
35402,24.22,51,1620,decoy1
35499,24.23,51,1620,decoy1
35624,33.18,52,1620,decoy1
35716,24.17,52,1620,decoy1
35824,24.23,52,1620,decoy1
35952,26.63,52,1620,decoy1
36057,37.17,52,1155,decoy1
36155,30.15,52,1155,decoy1
36244,21.12,52,1110,decoy1
36354,20.69,52,1110,decoy1
36465,20.85,52,1020,decoy1
36591,23.24,52,990,decoy1
36681,23.24,51,990,decoy1
36792,19.28,51,900,decoy1
36926,20.96,51,900,decoy1
37012,24.49,51,870,decoy1
37118,19.11,51,870,decoy1
37216,19.08,51,795,decoy1
37344,20.19,51,795,decoy1
37446,27.53,51,810,decoy1
37542,21.79,51,810,decoy1
37651,19.04,51,810,decoy1
37759,19.09,51,810,decoy1
37868,19.65,51,810,decoy1
37990,25.64,51,810,decoy1
38101,19.05,51,810,decoy1
38196,20.33,51,810,decoy1
38349,26.33,51,810,decoy1
38429,23.22,51,840,decoy1
38525,19.07,51,840,decoy1
38651,19.07,51,840,decoy1
38757,19.13,51,840,decoy1
38867,23.15,51,840,decoy1
38973,22.29,51,840,decoy1
39069,19.1,51,840,decoy1
39192,9.34,51,840,decoy1
39302,13.52,51,840,decoy1
39410,18.62,51,1260,decoy1
39500,21.46,51,1260,decoy1
39610,21.49,51,1260,decoy1
39718,21.51,51,1260,decoy1
39844,24.54,51,1260,decoy1
39939,26.39,51,1260,decoy1
40047,21.55,51,1260,decoy1
40159,21.55,51,1260,decoy1
40283,21.53,51,1260,decoy1
40394,28.55,52,1260,decoy1
40483,21.56,52,1260,decoy1
40595,21.5,52,1260,decoy1
40718,31.71,52,1260,decoy1
40828,23.98,52,1260,decoy1
40937,21.51,52,1260,decoy1
41047,21.47,52,1260,decoy1
41142,21.48,52,1260,decoy1
41260,25.52,52,945,decoy1
41353,22.55,52,945,decoy1
41482,19.21,51,885,decoy1
41590,12.31,51,885,decoy1
41700,9.53,51,810,decoy1
41817,15.31,51,1080,decoy1
41903,18.93,51,1080,decoy1
42014,20.64,51,1080,decoy1
42108,20.64,51,1080,decoy1
42236,21.64,51,1080,decoy1
42344,27.35,51,1080,decoy1
42440,20.61,51,1080,decoy1
42564,20.58,52,1080,decoy1
42681,23.83,52,1080,decoy1
42763,30.03,52,1080,decoy1
42890,20.98,52,1080,decoy1
42984,20.63,52,1080,decoy1
43095,20.64,52,1080,decoy1
43222,27.49,52,1080,decoy1
43330,21.1,52,1080,decoy1
43439,20.66,52,1080,decoy1
43554,20.61,52,1080,decoy1
43658,28.17,52,765,decoy1
43751,17.03,52,765,decoy1
43860,10.53,52,750,decoy1
43985,18.74,52,750,decoy1
44097,19.25,52,690,decoy1
44204,26.21,52,690,decoy1
44297,19.08,52,690,decoy1
44432,19.11,52,630,decoy1
44534,16.77,52,630,decoy1
44641,18.78,52,1455,decoy1
44746,34.46,52,1455,decoy1
44855,35.24,52,1635,decoy1
44989,38.33,52,1635,decoy1
45061,37.83,52,1635,decoy1
45155,35.64,53,1635,decoy1
45262,24.41,53,1635,cool
45374,24.39,53,1635,cool
45483,24.39,53,1635,cool
45594,24.41,53,1635,cool
45706,24.42,53,1635,cool
45817,24.47,53,1635,cool
45928,24.43,53,1635,cool
46039,24.44,53,1635,cool
46148,24.42,53,1635,cool
46260,24.4,53,1635,cool
46371,24.46,53,1635,cool
46486,24.4,53,1635,cool
46600,24.41,53,1635,cool
46705,24.28,53,540,cool
46817,19.14,52,540,cool
46928,19.11,52,495,cool
47037,19.13,52,450,cool
47162,18.98,52,450,cool
47256,19.07,52,405,cool
47370,19.03,52,405,cool
47481,19.01,52,375,cool
47591,18.92,52,375,cool
47702,19.03,52,375,cool
47815,18.94,52,375,cool
47928,18.98,52,375,cool
48044,18.99,52,375,cool
48148,9.06,52,375,cool
48272,9.29,52,360,cool
48367,8.93,52,360,cool
48481,8.84,51,360,cool
48590,8.93,51,360,cool
48701,9.03,51,360,cool
48813,8.89,51,360,cool
48924,8.95,51,360,cool
49038,8.88,51,360,cool
49145,8.78,51,360,cool
49273,8.93,51,300,cool
49366,9.14,51,300,cool
49477,8.84,51,300,cool
49606,8.84,50,300,cool
49697,9.06,50,300,cool
49824,8.91,50,300,cool
49919,6.46,50,300,cool
50030,4.33,50,300,cool
50142,4.29,50,300,cool
50252,4.24,50,300,cool
50362,4.38,50,300,cool
50475,4.21,50,300,cool
50586,4.37,50,300,cool
50698,4.45,50,300,cool
50809,4.54,50,300,cool
50921,4.47,50,300,cool
51031,4.59,50,300,cool
51157,4.14,50,300,cool
51251,4.38,50,300,cool
51363,4.31,50,300,cool
51474,4.15,50,300,cool
51584,4.33,50,300,cool
51697,4.36,50,300,cool
51807,4.51,50,300,cool
51918,4.34,50,300,cool
52028,4.53,50,300,cool
52138,4.34,50,300,cool
52251,4.31,50,300,cool
52359,4.2,50,300,cool
52470,4.24,50,300,cool
52580,4.3,50,300,cool
52691,4.58,50,300,cool
52807,4.35,50,300,cool
52913,4.56,50,300,cool
53024,4.58,50,300,cool
53135,4.45,50,300,cool
53245,4.31,50,300,loop2
53356,4.37,50,300,loop2
53464,4.41,50,300,loop2
53593,6.88,50,300,loop2
53682,12.03,50,360,loop2
53792,12.51,50,360,loop2
53901,12.82,51,1455,loop2
54011,34.95,51,1455,loop2
54114,34.79,51,1665,loop2
54239,36.14,51,1665,loop2
54334,24.59,51,1665,loop2
54461,24.59,52,1665,loop2
54572,38.3,52,1665,loop2
54661,38.3,52,1665,loop2
54783,36.22,52,1665,loop2
54879,36.66,52,1665,loop2
55002,24.8,53,1665,loop2
55110,24.73,53,1665,loop2
55226,26.52,53,1665,loop2
55327,37.42,53,1665,loop2
55435,38.68,53,1665,loop2
55581,32.85,53,1665,loop2
55654,32.85,53,1665,loop2
55746,24.58,53,1665,loop2
55874,28.48,53,1440,loop2
56013,33.13,53,1440,loop2
56113,33.92,53,1500,loop2
56198,33.43,53,1500,loop2
56310,31.43,53,1500,loop2
56401,23.24,53,1500,loop2
56512,23.24,53,1500,loop2
56636,28.55,53,1500,loop2
56744,34.15,53,1500,loop2
56853,36.91,53,1500,loop2
56946,34.45,53,1590,loop2
57055,28.28,53,1590,loop2
57167,23.93,53,1590,loop2
57289,35.01,53,1590,loop2
57388,35.51,53,1590,loop2
57507,35.93,53,1590,loop2
57614,37.38,53,1590,loop2
57721,25.3,53,1590,loop2
57814,23.97,53,1590,loop2
57943,23.97,53,1590,loop2
58051,34.33,53,1590,loop2
58160,33.84,53,1590,loop2
58273,35.38,54,1590,loop2
58377,36.36,54,1590,loop2
58487,23.96,54,1590,loop2
58579,24.02,54,1590,loop2
58727,24.99,53,1260,loop2
58818,29.47,53,1260,loop2
58906,31.51,53,1275,loop2
59014,30.31,53,1275,loop2
59109,31.16,53,1320,loop2
59236,24.5,53,1320,loop2
59342,22.05,53,1320,loop2
59456,22.01,53,1320,loop2
59569,26.01,53,1320,loop2
59673,31.97,53,1320,loop2
59816,34.14,54,1410,loop2
59886,27.49,54,1410,loop2
59980,27.49,54,1410,loop2
60106,22.62,54,1410,loop2
60222,28.07,54,1410,loop2
60325,33.24,54,1410,loop2
60435,34.11,54,1410,loop2
60526,33.68,54,1530,loop2
60653,27.68,54,1530,loop2
60746,23.63,54,1530,loop2
60876,23.62,54,1530,loop2
60965,31.02,54,1530,loop2
61091,35.98,54,1530,loop2
61198,32.43,54,1530,loop2
61306,31.54,54,1530,loop2
61401,23.57,54,1530,loop2
61524,23.53,54,1530,loop2
61636,25.93,54,1530,loop2
61766,33.61,54,1530,loop2
61853,35.35,55,1530,loop2
61929,34.02,55,1530,loop2
62052,34.53,55,1530,loop2
62161,25.67,55,1530,loop2
62271,23.65,55,1530,loop2
62382,23.63,54,1245,loop2
62496,25.5,54,1230,loop2
62598,31.41,54,1230,loop2
62707,31.74,54,1440,loop2
62815,27.94,54,1440,loop2
62923,22.86,54,1440,loop2
63030,22.94,54,1440,loop2
63143,27.3,54,1440,loop2
63250,31.37,54,1440,loop2
63365,33.04,54,1440,loop2
63466,34.19,55,1440,loop2
63558,32.43,55,1440,loop2
63667,22.94,55,1440,loop2
63784,22.9,55,1440,loop2
63901,26.91,55,1440,loop2
64014,34.85,55,1440,loop2
64121,34.64,55,1575,loop2
64226,29.33,55,1575,loop2
64334,23.94,55,1575,loop2
64427,23.92,55,1575,loop2
64554,30.36,55,1575,loop2
64661,36.49,55,1575,loop2
64809,37.07,55,1575,loop2
64881,37.04,55,1575,loop2
64971,27.29,55,1575,loop2
65082,24,54,1575,loop2
65208,23.93,54,1575,loop2
65300,32.45,54,1575,loop2
65408,37.17,54,1575,loop2
65580,33.84,55,1575,loop2
65626,23.94,55,1575,loop2
65736,23.95,55,1575,loop2
65864,25.33,55,1575,loop2
65972,33.98,55,1335,loop2
66108,32,55,1335,loop2
66174,32.89,55,1440,loop2
66283,33.44,55,1440,loop2
66377,23.39,55,1440,loop2
66498,22.99,55,1440,loop2
66612,22.98,55,1440,loop2
66730,32.45,55,1440,loop2
66813,33.91,55,1440,loop2
66935,34.4,55,1515,loop2
67099,23.38,54,1515,loop2
67173,23.49,54,1515,loop2
67244,23.54,54,1515,loop2
67371,23.53,54,1515,loop2
67479,31.2,54,1515,loop2
67598,36.1,55,1515,loop2
67683,35.38,55,1515,loop2
67793,35.67,55,1515,cool
67887,25.58,55,1515,cool
67999,23.6,55,1515,cool
68109,23.59,54,1515,cool
68220,23.59,54,1515,cool
68332,23.59,54,1515,cool
68462,23.54,54,1515,cool
68576,23.58,54,1515,cool
68725,23.58,54,1515,cool
68823,23.42,54,870,cool
68904,19.26,54,870,cool
68982,19.2,54,795,cool
69090,19.22,54,795,cool
69202,19.28,54,720,cool
69312,19.22,54,720,cool
69423,19.22,54,660,cool
69532,19.18,54,600,cool
69646,19.14,54,600,cool
69755,18.74,54,555,cool
69866,9.68,54,555,cool
69978,9.46,54,495,cool
70087,9.01,54,495,cool
70199,9.43,52,450,cool
70305,9.03,52,450,cool
70416,9.41,52,420,cool
70540,8.93,52,375,cool
70638,8.82,52,375,cool
70771,9.34,52,360,cool
70860,8.84,52,360,cool
70972,8.85,52,360,cool
71084,8.88,52,360,cool
71192,8.91,52,360,cool
71303,8.87,52,360,cool
71413,8.94,52,360,cool
71524,8.91,52,360,cool
71634,6.51,52,360,cool
71747,4.36,52,360,cool
71858,4.32,52,360,cool
71968,4.32,52,360,cool
72079,4.47,52,360,cool
72189,4.5,52,360,cool
72300,4.39,52,360,cool
72414,4.45,52,360,cool
72521,4.51,52,360,cool
72635,5,52,300,cool
72745,4.45,52,300,cool
72872,4.19,52,300,cool
72964,4.51,52,300,cool
73075,4.45,52,300,cool
73187,4.39,52,300,cool
73297,4.39,52,300,cool
73408,4.52,52,300,cool
73519,4.43,52,300,cool
73629,4.58,52,300,cool
73739,4.39,52,300,cool
73851,4.24,52,300,cool
73963,4.47,52,300,cool
74073,4.26,52,300,cool
74182,4.54,52,300,cool
74295,4.34,52,300,cool
74404,4.53,52,300,cool
74515,4.4,51,300,cool
74623,4.72,51,300,cool
74734,4.47,51,300,cool
74845,4.61,51,300,cool
74956,4.38,51,300,cool
75070,4.18,52,300,cool
75182,4.53,52,300,cool
75295,4.34,52,300,cool
75404,4.41,52,300,cool
75530,4.28,51,300,cool
75622,4.67,51,300,cool
75734,4.32,51,300,cool
75859,4.14,51,300,decoy2
75952,4.48,51,300,decoy2
76080,4.83,51,300,decoy2
76174,10.66,51,360,decoy2
76287,12.33,51,360,decoy2
76412,16.54,51,1455,decoy2
76522,23.77,51,1455,decoy2
76618,22.89,53,1455,decoy2
76767,33.04,53,1455,decoy2
76838,33.04,53,1455,decoy2
76962,35.16,53,1545,decoy2
77056,35.16,53,1545,decoy2
77166,25.31,54,1545,decoy2
77274,23.79,54,1545,decoy2
77399,23.7,54,1545,decoy2
77517,23.81,54,1545,decoy2
77600,32.91,54,1545,decoy2
77712,23.75,54,1545,decoy2
77801,23.74,54,1545,decoy2
77931,25.88,54,1545,decoy2
78038,34.03,54,1545,decoy2
78145,36.83,54,1545,decoy2
78239,31.42,54,1545,decoy2
78363,23.71,54,1545,decoy2
78459,23.71,54,1545,decoy2
78582,29.46,54,1545,decoy2
78679,27.56,54,1545,decoy2
78802,23.58,54,1095,decoy2
78911,20.82,54,1095,decoy2
79021,20.75,54,1005,decoy2
79130,26.5,54,1005,decoy2
79220,19.43,54,960,decoy2
79350,19.31,53,960,decoy2
79456,18.96,53,870,decoy2
79585,15.15,53,1170,decoy2
79694,28.59,53,1170,decoy2
79789,28.34,53,1170,decoy2
79887,29.42,54,1170,decoy2
79951,29.42,54,1170,decoy2
80079,22.65,54,1305,decoy2
80171,21.98,54,1305,decoy2
80302,21.98,54,1305,decoy2
80435,21.96,54,1305,decoy2
80533,25.89,54,1305,decoy2
80609,25.97,54,1305,decoy2
80702,21.94,54,1305,decoy2
80812,22.05,54,1305,decoy2
80955,27.14,54,1305,decoy2
81031,31.84,54,1305,decoy2
81136,33.04,54,1305,decoy2
81244,33.16,54,1545,decoy2
81343,33.74,54,1545,decoy2
81448,35.83,55,1545,decoy2
81595,35.35,55,1545,decoy2
81664,35.35,55,1545,decoy2
81774,37.02,55,1545,decoy2
81901,23.8,55,1545,decoy2
81990,23.77,55,1545,decoy2
82119,25.16,55,1545,decoy2
82209,31.83,55,1545,decoy2
82320,23.81,55,1545,decoy2
82448,23.76,54,1545,decoy2
82553,23.77,54,1545,decoy2
82663,24.66,54,1545,decoy2
82759,31.32,54,1545,decoy2
82880,23.78,54,1545,decoy2
82982,23.78,54,765,decoy2
83100,22.08,54,765,decoy2
83213,23.73,54,750,decoy2
83323,19.23,54,750,decoy2
83435,19.23,54,690,decoy2
83541,20.13,54,690,decoy2
83651,27.45,54,690,decoy2
83762,20.04,54,690,decoy2
83872,19.23,54,645,decoy2
83984,19.19,54,585,decoy2
84119,23.69,54,585,decoy2
84205,22.11,54,615,decoy2
84314,19.23,54,615,decoy2
84425,19.18,54,615,decoy2
84542,19.14,54,615,decoy2
84657,26.73,54,615,decoy2
84738,19.21,54,615,decoy2
84849,18.6,54,615,decoy2
84958,9.11,54,615,decoy2
85100,18.24,53,615,decoy2
85173,18.24,53,615,decoy2
85281,11.45,53,855,decoy2
85394,9.11,53,855,decoy2
85504,9.03,53,855,decoy2
85636,14.41,53,855,decoy2
85721,18.67,53,855,decoy2
85830,9.76,53,1005,decoy2
85942,9.23,53,1005,decoy2
86056,9.37,53,1005,decoy2
86170,17.51,53,1005,decoy2
86257,19.06,53,1740,decoy2
86386,25.62,53,1740,decoy2
86486,25.95,53,1740,decoy2
86564,26,53,1740,decoy2
86676,26.08,55,1740,decoy2
86784,34.09,55,1740,decoy2
86894,29.95,55,1740,decoy2
87004,26.08,55,1740,decoy2
87113,26.07,55,1740,decoy2
87228,32.35,55,1740,decoy2
87329,31.97,55,1740,decoy2
87425,26.12,55,1740,decoy2
87533,26.18,55,1740,decoy2
87684,26.46,56,1740,decoy2
87772,38.2,56,1740,decoy2
87862,38.98,56,1740,decoy2
87996,40.13,56,1740,decoy2
88095,38.16,56,1440,decoy2
88175,32.77,56,1440,decoy2
88287,31.21,56,1410,decoy2
88373,32.51,56,1410,decoy2
88484,23.91,56,1365,decoy2
88592,22.32,56,1365,decoy2
88717,22.84,55,1245,decoy2
88825,28.05,55,1200,decoy2
88934,21.19,55,1200,decoy2
89029,21.43,55,1095,decoy2
89156,22.78,55,1095,decoy2
89287,29.81,55,1065,decoy2
89357,29.81,55,1065,decoy2
89511,30.64,55,1335,decoy2
89612,31.8,55,1335,decoy2
89686,32.67,55,1410,decoy2
89798,30.9,55,1410,decoy2
89887,30.86,55,1410,cool
90000,22.9,55,1410,cool
90112,22.9,55,1410,cool
90223,22.91,55,1410,cool
90336,22.91,55,1410,cool
90445,22.84,55,1410,cool
90555,22.75,55,1410,cool
90666,22.77,55,1410,cool
90774,22.74,55,1410,cool
90886,22.75,55,1410,cool
90994,22.77,55,1410,cool
91106,22.75,55,1410,cool
91218,22.75,55,1410,cool
91328,22.8,55,1410,cool
91441,22.51,54,420,cool
91549,19.22,54,420,cool
91659,19.17,54,360,cool
91767,19.16,54,360,cool
91877,19.24,54,360,cool
91989,19.14,54,360,cool
92099,18.62,54,360,cool
92211,11.74,54,360,cool
92323,8.99,54,360,cool
92435,8.98,54,360,cool
92548,8.91,53,360,cool
92658,9.03,53,360,cool
92770,8.97,53,360,cool
92879,9.01,53,360,cool
92991,8.98,53,360,cool
93103,9.05,53,360,cool
93214,9.15,53,360,cool
93323,8.96,53,360,cool
93448,9.22,53,300,cool
93544,8.88,53,300,cool
93654,8.86,52,300,cool
93763,8.93,52,300,cool
93875,6.66,52,300,cool
93987,4.46,52,300,cool
94096,4.48,52,300,cool
94209,4.4,52,300,cool
94317,4.64,52,300,cool
94429,4.37,52,300,cool
94541,4.26,52,300,cool
94653,4.28,52,300,cool
94765,4.34,52,300,cool
94875,4.68,52,300,cool
94988,4.62,52,300,cool
95098,4.43,52,300,cool
95209,4.32,52,300,cool
95322,4.46,52,300,cool
95430,4.41,52,300,cool
95541,4.19,52,300,cool
95652,4.22,52,300,cool
95762,4.22,52,300,cool
95875,4.43,52,300,cool
95981,4.57,52,300,cool
96095,4.31,52,300,cool
96205,4.28,52,300,cool
96318,4.53,52,300,cool
96430,4.31,52,300,cool
96540,4.19,52,300,cool
96651,4.27,52,300,cool
96763,4.24,52,300,cool
96874,4.52,52,300,cool
96986,4.56,52,300,cool
97096,4.48,52,300,cool
97208,4.24,52,300,cool
97319,4.37,52,300,cool
97431,4.22,52,300,cool
97542,4.18,52,300,cool
97652,4.49,52,300,cool
97761,4.18,52,300,cool
97873,4.57,52,300,loop3
97998,4.56,52,300,loop3
98104,4.47,52,300,loop3
98214,5.23,52,300,loop3
98307,11.9,52,300,loop3
98418,12.06,52,300,loop3
98549,34.08,54,1455,loop3
98652,34.66,54,1545,loop3
98760,35.92,54,1545,loop3
98869,23.93,54,1545,loop3
98976,23.62,54,1545,loop3
99089,24.12,54,1545,loop3
99194,34.12,54,1545,loop3
99303,36.6,54,1545,loop3
99436,36.1,54,1545,loop3
99509,35.02,54,1545,loop3
99616,23.78,54,1545,loop3
99723,23.74,54,1545,loop3
99834,23.74,54,1545,loop3
99962,36.69,54,1545,loop3
100038,36.69,54,1545,loop3
100144,35.9,55,1560,loop3
100266,23.94,55,1560,loop3
100360,23.85,55,1560,loop3
100484,24.65,55,1560,loop3
100597,36.15,55,1560,loop3
100753,36.65,55,1560,loop3
100839,35.84,55,1560,loop3
100922,35.35,55,1560,loop3
101015,23.94,55,1560,loop3
101144,23.95,55,1560,loop3
101256,23.94,55,1560,loop3
101360,36.32,55,1560,loop3
101452,36.32,55,1560,loop3
101567,36.46,55,1560,loop3
101686,28.56,55,1560,loop3
101781,24.04,55,1560,loop3
101889,23.79,55,1350,loop3
102014,26.74,55,1350,loop3
102146,32.68,55,1320,loop3
102224,32.05,55,1320,loop3
102338,31.93,55,1425,loop3
102429,28.45,55,1425,loop3
102544,22.83,55,1425,loop3
102701,28.24,55,1425,loop3
102813,32.23,55,1425,loop3
102895,33.17,55,1425,loop3
102989,33.65,55,1425,loop3
103096,30.34,55,1425,loop3
103190,22.9,55,1425,loop3
103298,22.92,55,1425,loop3
103424,26.13,55,1425,loop3
103518,28.33,55,1425,loop3
103636,33.26,55,1425,loop3
103777,32.82,56,1425,loop3
103845,32.82,56,1425,loop3
103955,26.14,56,1425,loop3
104064,22.99,56,1245,loop3
104200,27.55,56,1245,loop3
104283,28.95,55,1200,loop3
104376,30.86,55,1200,loop3
104484,31.59,55,1395,loop3
104595,29.74,55,1395,loop3
104703,22.92,55,1395,loop3
104818,22.86,55,1395,loop3
104973,22.8,55,1395,loop3
105048,32.65,55,1395,loop3
105125,32.75,55,1395,loop3
105231,33.53,55,1395,loop3
105341,33.01,56,1395,loop3
105448,25.48,56,1395,loop3
105543,22.87,56,1395,loop3
105654,22.75,56,1395,loop3
105778,34.55,56,1395,loop3
105888,34.74,56,1560,loop3
105982,37.46,56,1560,loop3
106110,25.78,56,1560,loop3
106201,23.98,56,1560,loop3
106326,23.99,56,1560,loop3
106434,33.04,56,1560,loop3
106595,36.16,56,1560,loop3
106673,37.06,56,1560,loop3
106758,35.62,56,1560,loop3
106867,27.27,56,1560,loop3
106976,24.06,55,1560,loop3
107071,24.03,55,1560,loop3
107203,35.49,55,1560,loop3
107304,36.54,55,1560,loop3
107397,36.23,55,1560,loop3
107507,34.6,56,1560,loop3
107613,24.11,56,1560,loop3
107722,23.93,56,1365,loop3
107833,23.08,56,1365,loop3
107954,29.26,56,1290,loop3
108035,30.76,56,1290,loop3
108170,31.73,56,1290,loop3
108268,32.19,56,1290,loop3
108374,26.56,56,1275,loop3
108480,21.76,56,1155,loop3
108596,25.93,55,1155,loop3
108704,29.97,55,1140,loop3
108813,30.35,55,1140,loop3
108922,31.03,55,1380,loop3
109030,28.49,55,1380,loop3
109125,22.72,55,1380,loop3
109232,22.61,55,1380,loop3
109357,23.38,55,1380,loop3
109474,32.1,55,1380,loop3
109557,33.18,55,1380,loop3
109703,33.11,56,1380,loop3
109786,30.53,56,1380,loop3
109898,22.72,56,1380,loop3
109990,22.72,56,1380,loop3
110117,27.75,56,1380,loop3
110226,30,56,1380,loop3
110332,33.65,56,1380,loop3
110442,33.42,56,1380,loop3
110549,31.19,56,1410,loop3
110660,22.72,56,1410,loop3
110754,22.94,55,1410,loop3
110907,23.99,55,1410,loop3
110993,33.54,55,1410,loop3
111097,33.12,55,1410,loop3
111207,32.58,56,1410,loop3
111314,23.77,56,1410,loop3
111422,22.94,56,1410,loop3
111534,22.84,56,1410,loop3
111643,31.83,56,1410,loop3
111757,33.15,56,1410,loop3
111857,33.67,56,1410,loop3
111949,33.76,56,1455,cool
112045,24.94,56,1455,cool
112152,23.12,56,1455,cool
112266,23.08,55,1455,cool
112374,23.09,55,1455,cool
112487,23.12,55,1455,cool
112595,23.1,55,1455,cool
112705,22.97,55,1455,cool
112818,22.99,55,1455,cool
112928,23,55,1455,cool
113041,22.98,55,1455,cool
113151,23.02,55,1455,cool
113262,22.92,55,1455,cool
113393,22.93,55,1455,cool
113503,22.91,55,1455,cool
113610,22.89,55,1455,cool
113721,22.12,55,420,cool
113877,11.85,54,420,cool
113968,9.71,54,360,cool
114042,11.49,54,360,cool
114136,8.94,54,360,cool
114262,8.96,54,360,cool
114358,9.05,54,360,cool
114469,9.01,54,360,cool
114580,9.09,54,360,cool
114691,8.91,54,360,cool
114803,9.04,54,360,cool
114929,9.08,53,360,cool
115022,9.07,53,360,cool
115133,8.81,53,360,cool
115262,8.81,53,360,cool
115356,9.44,53,300,cool
115469,8.85,53,300,cool
115578,6.68,53,300,cool
115688,4.24,53,300,cool
115799,4.38,53,300,cool
115907,4.23,53,300,cool
116019,4.14,53,300,cool
116129,4.34,53,300,cool
116241,4.16,53,300,cool
116355,4.39,53,300,cool
116464,4.32,53,300,cool
116581,4.62,53,300,cool
116704,4.41,53,300,cool
116797,4.45,53,300,cool
116921,4.41,53,300,cool
117017,4.41,53,300,cool
117130,4.4,53,300,cool
117241,4.24,53,300,cool
117349,4.53,53,300,cool
117458,4.36,53,300,cool
117569,4.61,53,300,cool
117681,4.28,53,300,cool
117805,4.49,53,300,cool
117900,4.22,53,300,cool
118011,4.5,53,300,cool
118123,4.34,53,300,cool
118238,4.24,53,300,cool
118342,4.42,53,300,cool
118455,4.4,53,300,cool
118566,4.6,53,300,cool
118676,4.33,53,300,cool
118803,4.42,53,300,cool
118900,4.35,53,300,cool
119008,4.51,53,300,cool
119121,4.34,53,300,cool
119247,4.22,53,300,cool
119344,4.15,53,300,cool
119468,4.51,53,300,cool
119565,4.6,53,300,cool
119674,4.37,53,300,cool
119785,4.39,53,300,cool
119896,4.37,53,300,cool
120020,4.54,53,300,decoy3
120129,4.16,53,300,decoy3
120239,4.95,53,300,decoy3
120351,10.75,53,360,decoy3
120442,12.32,53,360,decoy3
120553,16.65,53,1455,decoy3
120679,23.73,53,1455,decoy3
120787,22.89,53,1455,decoy3
120898,22.9,54,1455,decoy3
121029,23.49,54,1455,decoy3
121114,30.25,54,1455,decoy3
121208,22.97,54,1455,decoy3
121316,22.95,54,1455,decoy3
121430,23,55,1455,decoy3
121529,30.91,55,1455,decoy3
121626,31.94,55,1455,decoy3
121734,32.54,55,1455,decoy3
121841,23.11,55,1455,decoy3
121953,23.1,55,1455,decoy3
122061,23.12,55,1455,decoy3
122171,26.05,55,1455,decoy3
122283,27.65,55,1455,decoy3
122390,24.83,55,1035,decoy3
122498,20.6,55,1035,decoy3
122612,20.61,55,945,decoy3
122744,20.28,55,915,decoy3
122826,25.59,55,915,decoy3
122962,22.11,55,1815,decoy3
123043,32.76,55,1815,decoy3
123135,32.76,55,1815,decoy3
123250,27.64,55,1815,decoy3
123354,27.63,55,1815,decoy3
123468,36.89,57,1815,decoy3
123575,32.19,57,1815,decoy3
123683,27.69,57,1815,decoy3
123789,27.72,57,1815,decoy3
123902,32.53,57,1815,decoy3
124011,43.08,57,1815,decoy3
124121,43.21,57,1815,decoy3
124227,43.19,57,1815,decoy3
124338,29.83,57,1815,decoy3
124444,27.86,57,1815,decoy3
124540,27.86,56,1815,decoy3
124659,41.12,56,1815,decoy3
124754,27.11,56,1215,decoy3
124865,21.53,56,1215,decoy3
124974,21.52,56,1110,decoy3
125123,23.97,56,1110,decoy3
125207,25.69,56,1050,decoy3
125301,20.75,56,1050,decoy3
125429,20.61,56,960,decoy3
125536,21.66,56,960,decoy3
125645,28.5,56,960,decoy3
125806,27.98,56,1290,decoy3
125943,29.34,56,1290,decoy3
125995,29.5,56,1290,decoy3
126082,31.5,56,1290,decoy3
126180,32.2,56,1335,decoy3
126308,27.25,56,1335,decoy3
126392,22.28,56,1335,decoy3
126501,22.27,56,1335,decoy3
126616,22.28,56,1335,decoy3
126749,25.73,56,1335,decoy3
126851,26.88,56,1335,decoy3
126948,22.28,56,1335,decoy3
127034,22.2,56,1335,decoy3
127142,22.24,56,1335,decoy3
127255,27.69,56,1335,decoy3
127386,32.02,56,1335,decoy3
127472,30.59,56,1335,decoy3
127578,22.33,56,1335,decoy3
127686,22.23,56,1335,decoy3
127782,22.24,55,1335,decoy3
127905,29.27,55,1335,decoy3
128014,23.18,55,1095,decoy3
128108,20.91,55,1095,decoy3
128239,20.79,55,1005,decoy3
128343,21.36,55,1005,decoy3
128449,24.59,55,960,decoy3
128559,19.39,55,870,decoy3
128668,19.31,55,870,decoy3
128780,25.17,55,840,decoy3
128887,27.83,55,840,decoy3
128996,28.7,55,1230,decoy3
129106,29.9,55,1230,decoy3
129215,29.84,55,1230,decoy3
129324,30.29,56,1230,decoy3
129432,29.89,56,1230,decoy3
129537,29.73,56,1230,decoy3
129649,30.99,56,1230,decoy3
129762,27.45,56,1230,decoy3
129870,21.67,55,1230,decoy3
129978,21.73,55,1230,decoy3
130088,21.69,55,1230,decoy3
130196,29.54,55,1230,decoy3
130305,21.75,55,1230,decoy3
130418,21.73,55,1230,decoy3
130528,21.62,55,1230,decoy3
130633,26.04,55,1230,decoy3
130741,30.09,55,1230,decoy3
130842,22.37,55,870,decoy3
130963,19.29,55,795,decoy3
131076,19.32,55,795,decoy3
131184,22.1,55,750,decoy3
131315,23.46,55,750,decoy3
131387,19.29,55,720,decoy3
131494,19.25,55,720,decoy3
131609,19.45,55,645,decoy3
131724,25.55,55,645,decoy3
131800,27.38,55,1005,decoy3
131915,19.34,55,1005,decoy3
132023,19.3,55,1005,decoy3
132131,19.27,55,1005,decoy3
132243,19.29,55,1005,decoy3
132354,23.43,55,1005,decoy3
132460,21.98,55,1005,decoy3
132571,19.4,55,1005,decoy3
132693,19.39,55,1005,decoy3
132787,25.23,55,1005,decoy3
132899,19.46,55,1005,decoy3
133006,18.1,55,1005,decoy3
133119,9.25,54,1005,decoy3
133225,13.14,54,1005,decoy3
133335,19.08,54,1005,decoy3
133442,12.17,54,1230,decoy3
133551,21.36,54,1230,decoy3
133665,21.59,55,1230,decoy3
133774,26.46,55,1230,decoy3
133903,29.39,55,1230,decoy3
133987,29.39,55,1230,decoy3
134095,28.53,55,1230,decoy3
134204,26.87,56,1230,decoy3
134315,25.35,56,1230,decoy3
134411,21.82,56,1230,done
